Taxa,Area,B_glucan,Circularity,Diameter,DTH,Fe,FLA,FLH,GpS,GWS,GY,HW,Length,Length_Wid,PdH,PdL,Perimeter,PH,Protein,SL,TKW,width,Zn
G1,18.40094,4.372753,2.046805,4.826507,77.16149,33.64018,11.870188,70.00531,30.4048,1.0335497,1.3514343,55.47552,8.58111,2.774319,82.03157,2.7459747,26.05619,79.53236,15.33721,4.814353,25.86607,3.09305,30.91335
G2,24.37087,5.869258,2.013464,5.515007,76.42777,29.04721,19.987237,73.76149,46.9062,1.949376,2.1202588,64.79188,11.145184,3.414549,79.17043,4.7011048,30.53016,85.11456,12.83706,9.210031,34.46988,3.264028,28.84962
G3,22.26264,5.953745,1.720214,5.184629,73.73097,35.14931,12.031009,67.85929,30.67142,1.2389842,0.5,59.59568,10.453762,3.136039,75.90134,NA,27.3354,78.36699,13.87871,5.352888,32.21805,3.333429,29.4343
G4,18.57314,4.711887,1.951363,4.923979,65.022,31.59563,7.0,57.68809,30.66402,0.8572966,0.5,51.78254,NA,3.246311,57.0283,2.1209693,24.22614,65.84934,NA,5.570118,24.28781,2.844078,30.91467
G5,20.16338,5.473433,1.568688,5.144174,94.353,36.75195,15.301542,84.35236,32.7927,1.1598868,0.9611997,62.43534,10.223313,3.379816,80.70482,-2.0,26.73435,87.91434,14.33031,5.54937,30.56378,3.024813,29.14216
G6,NA,7.122395,1.869231,5.661304,75.0026,28.13192,12.39676,51.61416,36.33614,1.0216322,0.6427958,72.24792,11.389643,3.109025,74.71393,6.0644831,29.91815,71.68636,14.98731,4.497168,37.15044,3.663413,37.3984
G7,17.08419,4.159525,1.878695,4.568139,87.00072,37.60298,11.753697,72.11187,29.8013,0.7,0.9404697,NA,8.259529,NA,NA,1.6095499,23.62439,91.6546,14.82497,5.204573,22.0,2.873018,33.70248
G8,19.61463,5.209843,1.850754,5.029639,75.68068,34.81937,9.426918,63.22104,24.37706,0.7,0.5087505,56.67312,11.113009,3.594517,61.43585,0.76996,29.31585,78.41305,15.94795,4.385378,26.88351,3.091656,29.13892
G9,24.80394,5.893617,1.694455,5.484849,86.73243,29.50127,16.389829,76.85884,34.96956,1.2453273,1.4284708,NA,11.233728,3.137703,85.30653,4.5647657,31.14931,92.62965,14.87668,5.551536,37.25406,NA,33.3054
G10,19.59221,4.513176,1.754386,5.075613,73.87589,28.67765,13.288078,71.00096,31.74882,1.1895085,1.2898805,58.47792,9.752139,3.520909,75.89336,4.3484152,25.45992,87.06339,14.35222,6.234752,26.496,2.769778,NA
G11,20.37806,4.793407,1.56695,4.948399,76.90589,35.2294,11.621859,71.42918,40.42947,1.0349565,0.9846363,57.66451,9.517497,3.164258,71.8063,5.456933,23.74414,83.22682,13.8013,5.626567,26.22236,3.007813,32.66114
G12,20.39596,6.145299,1.690966,5.182283,79.03689,31.37823,10.319049,75.17059,20.73511,0.7,0.5,56.33398,11.067916,3.322839,81.61339,3.6076861,25.96655,82.70476,14.91966,6.736403,32.53947,3.330861,29.64415
G13,24.05942,6.777296,1.805731,5.363132,68.12559,27.87413,18.531154,65.58826,52.68156,2.3334765,NA,67.61586,11.050748,3.048189,63.50573,5.3380828,31.68813,70.32079,13.16802,8.604958,35.92793,3.625348,30.54548
G14,17.56822,4.960154,1.844206,5.071519,81.84225,33.20663,12.50699,68.46178,20.0,0.8995704,0.6937031,57.28785,9.465566,2.960903,79.04547,-2.0,28.10934,75.9352,14.08167,4.595701,25.03722,3.196851,33.39096
G15,19.08253,4.611601,2.203629,4.964741,94.70964,33.45104,19.579596,81.76799,NA,1.3124163,1.241722,54.49509,8.248687,2.642716,98.70442,0.963854,26.75914,102.63186,14.50202,7.968298,30.23506,3.121291,31.28645
G16,20.18675,4.68076,1.762824,4.933236,87.9378,34.0708,14.20598,78.1022,37.77705,1.0204249,NA,58.28171,9.549392,2.940322,80.47206,6.158524,25.25974,88.85351,14.01207,6.911505,27.53929,3.247737,34.88579
G17,23.6482,6.629822,1.737392,5.813728,68.05017,28.17806,NA,57.6532,54.16295,2.0991605,1.8812655,72.88707,12.666363,3.53407,75.6442,3.3010338,31.80782,74.47189,12.96316,7.33892,40.95703,3.584073,33.92606
G18,25.0,7.026654,1.610998,5.771937,79.53591,29.65366,18.355964,75.04901,43.29556,2.0800887,1.7358872,72.60976,NA,3.438409,74.93597,9.7008287,32.12425,94.93371,13.17772,8.30385,39.92087,3.662943,35.19494
G19,21.13922,5.888922,1.516872,5.397808,76.85702,32.78453,9.105204,65.88957,34.81477,1.1843715,0.7258294,69.03474,11.659215,3.4784,NA,-0.5406357,27.88986,79.30466,14.03641,5.128088,34.57141,3.35189,28.97965
G20,NA,6.688835,1.864695,5.260295,82.07725,29.51102,8.689311,82.31195,21.07261,0.9099951,0.7387533,57.91089,10.748343,3.387381,94.41533,2.0438796,28.47693,84.41741,15.11424,5.092083,30.90756,3.173054,33.1102
G21,23.98304,6.042006,1.945726,5.656866,78.26071,31.00648,17.603229,72.08852,43.23883,1.8395195,1.9087649,64.43797,9.878773,2.852856,85.71472,8.5702345,30.69307,84.71292,12.92261,8.628216,33.45626,3.462766,35.51788
G22,24.1646,6.648099,NA,5.549386,71.25096,31.0451,20.578185,72.22938,61.90514,2.1293738,2.2624926,65.96682,11.040265,3.310549,81.14522,9.2035752,29.26147,76.50403,12.85245,10.33619,39.82134,3.334874,29.81695
G23,19.00527,4.40334,1.57611,4.941896,90.41796,31.8166,17.174819,88.75022,48.15347,1.4729868,1.2064583,57.90891,10.164257,3.240765,88.17651,3.6377771,25.2696,90.53116,13.77997,6.961656,27.06088,3.136376,34.76111
G24,22.56435,6.611424,1.69862,5.572234,79.29714,26.05462,19.011685,60.39648,44.2943,1.5024141,1.2656404,68.94054,10.7887,3.267163,68.41282,6.9320524,28.15766,89.27412,14.32801,7.332689,36.02035,3.302161,31.76132
G25,19.41627,3.959133,1.990581,4.896995,84.70417,30.1708,19.090278,79.37788,51.1639,1.3554439,1.6133799,49.71934,9.044007,3.163079,81.13902,4.8339273,24.25848,96.74709,13.86596,9.115264,27.49066,2.859242,29.26949
G26,19.05178,5.211877,1.488194,5.159054,83.23457,29.42506,19.404433,74.80667,47.08993,1.666643,1.8547872,55.73615,10.053224,3.988191,82.84369,9.3486807,26.41929,95.60167,13.60652,9.421813,27.84208,2.520747,30.12167
G27,22.5133,6.949106,1.874118,5.46007,78.75974,30.34846,13.762353,69.72049,41.61403,1.2675618,1.1889314,61.61406,10.533436,3.15132,67.65021,0.6404724,31.22108,78.44487,14.9007,5.530655,33.88958,3.342547,32.74039
G28,19.11957,5.27353,1.852317,4.934161,NA,36.62608,14.321172,72.87669,28.33846,1.0177814,0.988946,52.56634,8.548851,2.856362,69.02401,5.4036809,25.40375,71.36734,14.43257,6.466688,26.58336,2.992916,31.32605
G29,20.44,5.04064,1.818856,5.218182,102.99354,33.09112,19.577377,87.59655,48.48627,1.8727743,1.7370311,59.13783,9.243103,2.732841,92.88324,4.0045283,26.27171,96.51655,14.65264,8.742478,30.78259,3.382233,34.65313
G30,19.53635,4.528545,NA,5.061998,NA,30.51444,14.006118,72.21539,30.50732,1.0686535,0.958513,59.60946,9.918238,3.062126,73.07779,2.0072347,26.21692,74.53052,13.84398,7.013079,28.27688,3.239004,33.65596
G31,20.2358,4.983154,1.804857,NA,69.22855,35.40402,19.335966,63.09189,52.55168,1.9020021,1.5504705,60.20579,9.744858,3.263605,64.31721,8.8411243,27.03692,80.37244,13.06995,9.881585,30.70571,2.985918,30.84886
G32,NA,4.388838,1.804439,4.527056,65.51507,36.71803,10.349056,65.04066,34.48284,0.7249162,0.8639134,49.16951,8.078044,2.821772,63.5546,2.2825469,22.0,80.63196,14.62305,4.395378,22.0,2.862756,29.39053
G33,19.00039,3.496775,1.791387,4.724592,87.34967,31.12684,NA,77.93928,48.54978,1.4959708,2.0216915,54.02016,7.957484,2.837967,78.79665,7.2874748,23.86323,85.99891,13.2918,8.627814,NA,2.803939,31.84513
G34,21.13329,4.260585,1.779892,5.097531,82.5049,29.51671,15.716374,79.77167,47.52666,1.4001167,1.3716937,53.33656,9.66354,3.068022,80.91198,10.9934658,26.83632,88.41247,14.76552,7.57287,28.51893,3.149763,36.28039
G35,22.35273,NA,1.900709,5.270341,77.29425,33.69536,15.200939,61.12358,33.95558,1.4068291,1.0476811,64.7915,11.092683,3.317904,72.75792,1.6560985,30.25775,78.9762,14.65106,7.465516,36.26,3.34328,34.9416
G36,20.42188,NA,1.753223,5.243727,79.89977,27.06704,18.301309,84.53826,46.8764,NA,1.678311,61.986,11.054757,3.582121,78.99886,6.1711432,28.65772,91.17,13.91029,10.506142,33.65694,3.086093,33.55725
G37,20.82722,4.601319,NA,5.320475,79.68191,32.1351,18.192836,65.37124,39.18136,1.7492871,1.3673729,64.17854,9.787043,3.124973,76.65657,6.0018297,28.14617,NA,14.1089,8.642002,31.24876,3.131881,33.7029
G38,22.7776,6.718654,1.989821,5.461067,60.06983,NA,10.574764,NA,24.95332,1.3389381,0.8727345,65.69661,9.955007,2.940589,67.50544,-0.8271523,31.54201,61.57904,15.23464,4.209279,32.82592,3.385378,36.75867
G39,18.51153,5.49464,1.794958,4.967624,84.22898,NA,19.709434,75.11165,42.28029,1.5968479,1.5963608,50.45932,9.501328,2.919095,85.69296,1.9621042,26.68809,80.49854,13.39234,7.161408,27.84087,3.254889,31.84369
G40,21.422,5.361962,1.89092,5.331534,84.61193,35.37538,27.647918,77.15476,48.64019,2.0373153,2.216307,62.75389,10.859671,3.640139,98.03281,5.4139292,30.39795,96.24645,13.67538,9.645512,34.60527,2.983312,36.60256
G41,19.8133,6.039218,1.76397,4.905469,104.2999,28.90582,18.924497,83.7097,NA,1.0371726,1.1290478,55.77981,8.498282,2.799551,105.22425,5.3018841,27.09249,105.64783,13.63209,7.426376,24.25699,3.035587,32.29241
G42,18.53224,4.445438,1.865209,4.868535,75.16716,25.09172,15.470351,74.93588,NA,1.1105138,1.1198546,53.47901,8.663818,3.090196,81.53754,1.8211457,23.39178,85.10501,13.78379,8.01788,26.14434,2.803647,30.6692
G43,17.51554,5.133093,1.775856,4.970369,82.29773,31.51711,13.819076,71.86608,NA,0.800916,1.3227495,55.93871,9.914773,3.002477,73.93175,0.7855563,28.63152,81.93782,14.82805,6.727765,26.69281,3.302198,NA
G44,22.43625,NA,1.733077,5.414699,91.45729,27.42812,22.172685,87.63302,40.75953,1.626767,1.2221369,63.13646,11.593915,3.491354,90.88794,5.0346134,30.68339,93.04102,14.17943,6.232849,32.45064,3.32075,31.76109
G45,21.95531,6.244601,1.814837,5.348566,79.54612,36.59794,20.669494,80.27487,44.47934,1.5491972,NA,60.74718,8.682734,2.486493,72.10737,3.4964339,25.29843,82.13044,13.9403,9.845401,34.63197,3.49196,33.07884
G46,21.98643,6.012016,1.677012,5.24585,72.98564,30.46616,17.414106,75.58852,NA,0.9431094,0.9342209,63.77122,10.863032,3.683614,NA,3.9758191,27.31584,82.31623,14.34678,5.516406,30.27766,2.949015,32.91668
G47,24.77999,6.530305,1.672627,5.744441,72.59064,39.03798,9.190997,69.77207,20.0,1.1944522,0.6293444,73.80894,12.571419,3.388684,71.95547,4.8822773,34.99451,74.83728,14.56196,5.212921,39.57234,3.709824,34.97756
G48,21.22489,5.018091,1.796268,5.394448,62.9268,NA,12.924092,56.95238,32.66249,NA,1.0491147,61.31873,11.430895,3.44716,62.46662,3.6876862,30.17367,74.263,14.21068,5.904143,32.65618,3.316032,31.83756
G49,23.96424,5.799799,1.719286,5.224212,82.9615,39.28136,12.642475,84.4493,20.0,1.2499168,0.7466116,NA,9.893931,2.97828,75.14271,1.5320254,28.40072,95.64069,15.064,5.525714,34.32564,3.322028,30.42376
G50,23.4655,6.695383,1.835517,5.852802,69.76632,31.02997,13.617781,67.4728,49.43581,1.8276792,1.4196325,69.91854,NA,3.292466,57.52539,3.7448918,33.95443,71.55252,13.68245,9.023665,39.93676,3.717471,33.53641
G51,20.29974,4.094982,2.083319,4.899451,97.99496,30.89392,16.905396,81.98486,31.92455,1.039656,1.223646,58.5615,9.669782,3.088858,79.3387,3.5591304,27.22569,87.10115,14.9533,7.525938,25.22438,3.130536,32.80674
G52,NA,4.779869,1.65914,5.066418,79.2875,NA,7.0,62.60851,24.0459,0.8045173,0.5,NA,9.081462,2.795037,68.99161,0.6731019,26.4427,76.3094,NA,4.418565,27.52475,3.249139,31.93974
G53,24.61613,6.420066,1.52032,5.659934,82.18842,34.57892,17.285597,72.39346,29.06283,1.4562358,NA,74.79889,11.231739,3.066839,75.29699,0.3399504,30.06514,93.91777,13.44898,6.478141,39.66728,3.662317,30.3841
G54,20.37759,4.475651,1.643415,5.221067,76.5634,29.3064,14.349252,67.80181,NA,1.2693412,0.9077951,NA,9.586964,NA,72.8958,1.409658,25.30368,75.24933,14.57333,7.332248,31.77638,2.858926,33.53388
G55,19.56385,6.384735,1.869203,5.094402,85.99347,34.1834,16.292339,81.73585,43.56221,1.3939518,1.6569864,56.69154,10.352742,3.233287,74.31399,3.3457347,28.54591,91.47985,14.62848,7.488812,34.17166,3.201925,29.73205
G56,22.23021,6.916245,NA,5.540458,76.40263,29.97824,14.823023,72.37877,35.2602,1.4799511,1.0874572,68.73975,10.392971,2.997146,78.60118,4.1027377,30.09385,83.93553,14.56264,7.610737,36.39093,3.467623,30.38351
G57,23.66113,6.550735,1.866738,5.316356,95.44466,29.0009,25.573208,84.24084,76.91454,2.0867672,2.4446427,58.29827,11.206551,3.117064,88.46665,7.5128281,31.49275,103.45805,13.58975,10.898166,37.58692,3.595226,26.07959
G58,24.52061,7.5,1.926675,5.623555,67.55279,31.36751,16.051261,60.49777,36.50197,1.4593369,1.0629165,69.08994,10.762139,3.014879,68.44332,3.128684,32.73825,68.50383,14.00615,6.535949,38.65022,3.569675,31.40245
G59,23.51073,6.527549,1.749668,5.662996,88.33573,34.08033,18.137507,73.34043,28.1031,1.7716636,0.8923853,74.47768,11.519509,3.234685,83.76792,2.7692462,33.64623,80.05316,14.43695,6.489275,37.24896,3.561246,34.57848
G60,23.15778,6.318949,1.909139,5.5424,86.96427,29.1762,15.896135,76.52082,52.03044,1.5933806,1.425353,70.41273,10.18849,3.080221,78.80777,6.1570717,31.5774,84.6696,14.60987,6.81655,32.96341,3.307714,31.78476
G61,20.1161,4.598192,1.564621,5.256367,88.80123,37.81642,17.182978,67.60058,36.13883,0.9384494,1.3367562,60.41443,9.148008,NA,83.4514,2.8979933,26.96309,83.41353,14.33953,7.690585,28.26984,3.205785,30.06682
G62,22.13766,NA,1.834115,NA,88.22538,30.1739,19.235989,73.09304,34.61527,1.4142119,1.5452235,66.85642,11.391765,3.54019,95.82082,NA,29.3715,101.16448,13.36672,9.610597,33.08696,3.21784,35.92496
G63,21.53674,5.161627,1.881301,5.432888,80.65347,38.26226,16.992582,67.10401,41.10383,1.8559727,1.1634763,65.19569,10.492509,3.197436,77.7493,8.9409357,30.37675,90.52764,13.94178,8.467752,33.55329,3.281539,33.74074
G64,18.57641,3.582517,NA,NA,63.97612,28.51742,19.795124,61.95884,59.04055,1.3645955,1.4132609,50.87872,8.901864,2.979258,54.8531,11.9018835,25.08881,78.43294,14.21831,8.550692,28.44859,2.987947,29.27219
G65,22.49886,6.460798,1.863494,5.470217,84.86168,39.80086,13.028494,75.67264,30.75788,1.356233,0.806174,69.5044,11.800014,3.479534,84.62206,1.7740321,29.88698,83.91508,14.84457,4.099901,32.64022,3.391263,34.20952
G66,22.77662,6.5596,NA,5.207055,71.2557,35.38715,19.691881,72.54894,37.75908,1.2644397,0.9259629,65.18519,10.746061,3.384421,72.77493,3.7437643,29.83373,NA,15.78852,6.283402,35.39565,3.175155,31.90018
G67,22.88547,5.665043,2.011208,5.230893,71.79807,37.17321,14.315871,78.64359,31.10898,1.2599358,1.109448,64.3402,10.352771,3.238203,56.60519,2.8241841,27.98985,73.93485,14.36024,7.085865,30.4654,3.197073,28.07237
G68,22.3124,5.420549,1.969593,5.07917,82.81658,27.42713,19.887576,77.56516,53.51437,1.7148958,1.2610254,63.82601,10.685331,3.522379,75.17202,7.3230046,26.29495,95.29862,13.85805,7.385842,32.47368,3.033555,32.46911
G69,17.36666,4.740215,1.851691,5.002127,70.95395,29.4994,15.709742,70.49477,38.04832,0.9632984,1.1748698,NA,8.607692,2.799817,61.21212,0.7501365,26.35714,79.91125,NA,6.590128,27.41371,3.074377,30.37408
G70,21.92977,5.605281,1.816739,5.186473,81.57706,30.00484,10.176983,64.07557,22.10616,0.8614241,0.5,56.64825,10.02624,2.875431,70.7292,-2.0,28.27044,80.10415,14.03652,4.682865,28.61284,3.486865,36.8281
G71,22.51869,6.044126,1.826934,5.259918,68.39259,31.79262,19.5182,NA,41.372,1.4880385,1.1892869,62.4733,9.714874,2.857958,66.92637,5.504482,NA,81.29268,14.69328,7.780885,32.19324,3.399236,35.06824
G72,19.09341,4.967604,1.426636,5.03477,87.67306,34.13493,18.802101,79.0082,38.16284,1.0905055,1.5745119,60.36577,10.133669,3.449498,88.39235,1.3048427,25.23437,92.84971,14.58443,7.030942,28.46371,2.937723,29.75371
G73,22.12777,6.869753,1.864381,5.697097,79.42712,34.93143,14.08258,68.69384,42.70339,1.5761728,1.3664927,61.52269,10.776131,3.22932,77.75659,NA,30.35924,92.82074,12.36674,6.132008,33.22262,3.336966,28.58218
G74,17.70422,5.54973,2.072157,4.795061,85.50153,34.00796,11.886158,69.77389,26.4445,0.7675693,0.8793572,53.84755,8.576973,3.165105,81.93321,-0.3274746,26.51534,71.58745,14.68723,6.654739,25.4989,2.709854,31.59217
G75,16.73372,3.53668,1.918376,4.791338,79.13453,NA,24.185506,NA,61.15009,1.8157523,1.8753215,45.0,7.821743,2.763496,74.83848,9.5021797,23.03299,81.56279,12.92203,10.738699,NA,2.83038,33.41274
G76,23.22152,6.347165,1.561284,5.564824,64.64396,36.45833,16.54588,62.67133,38.18018,1.4972174,1.4274269,63.19901,10.994917,3.554255,62.61587,NA,NA,73.25148,14.9264,6.665358,36.58385,NA,34.22847
G77,20.11588,4.852404,1.597372,5.072645,69.47832,32.10745,12.538541,62.56313,49.75304,1.1615669,0.9770115,59.09582,10.695575,3.655097,69.93274,NA,29.73377,73.65497,14.73373,6.395994,NA,2.926208,36.24032
G78,20.16221,NA,1.672587,5.249543,70.48523,31.15735,NA,72.15875,23.83704,NA,0.9874498,59.25888,10.398819,3.198681,62.8568,2.6691664,28.10217,71.69589,14.16109,5.523401,28.78147,3.250971,32.64151
G79,18.24331,4.840486,2.016517,4.956508,81.4083,34.39378,13.827894,74.53246,38.18116,0.900432,0.7604489,53.29024,9.516294,2.982192,82.1831,0.7289496,27.03743,80.56534,15.34257,5.383369,25.60728,3.19104,29.01087
G80,18.45998,4.841812,1.893125,5.083076,100.67197,34.1292,13.882744,89.36416,22.35693,0.7,0.9780892,56.43818,7.771642,2.881084,101.17022,-0.4453638,25.36237,95.57769,14.91079,5.338899,24.46633,2.697472,31.858
G81,24.32597,6.223237,1.833415,5.500358,73.21071,28.03464,13.095669,61.14233,32.60094,1.1828016,1.0152809,65.02507,11.398626,3.387736,69.72471,2.4233459,NA,75.45802,14.49801,6.74688,34.68228,3.364673,28.59873
G82,NA,5.904734,1.892037,5.037432,75.06048,32.98098,14.025057,65.69733,29.82022,1.0044857,0.7875598,50.83825,8.724902,2.769242,83.64111,4.4779792,27.11764,71.25794,15.0487,4.548185,25.33467,3.150646,35.06284
G83,24.43814,6.464437,1.688084,5.576143,65.75579,38.59524,22.1473,57.71851,69.93432,2.5684011,1.9577843,74.14435,10.856274,2.956923,50.0,11.3671481,30.48648,65.80517,13.48274,8.864267,41.65871,3.671476,33.13883
G84,20.57368,6.321968,1.656073,5.198613,82.91401,33.12699,12.575372,83.36287,20.0,0.9804604,0.5,67.24232,10.353859,NA,85.86262,1.7122823,31.51393,84.79411,14.27761,4.0,34.50255,3.133371,31.39778
G85,19.77597,5.96244,1.87141,NA,67.25223,35.7153,NA,62.5706,34.98559,NA,0.7120891,59.36385,10.035819,3.168522,66.45032,3.4645822,28.80387,65.19063,14.33245,5.434414,28.49751,3.167351,32.56819
G86,19.77498,4.489436,1.784363,4.956369,71.6325,31.62031,11.216491,61.87066,41.94559,1.1040972,1.0732761,51.67646,9.537415,3.273219,68.91413,6.3399949,25.83927,72.90427,13.61898,5.320293,27.2491,2.913772,35.52924
G87,18.5638,4.56262,1.648176,5.196995,83.18565,36.61534,19.646381,79.16649,54.05924,1.4436615,1.6944285,NA,8.633034,2.625679,84.48989,7.469787,26.39621,94.04372,14.12599,8.257363,31.53751,3.287924,35.58768
G88,18.21302,5.340252,1.940167,4.955904,66.61362,34.07986,9.423889,59.37584,32.16584,1.0962788,1.1667389,54.31385,8.341086,2.794373,50.0,-2.0,23.8449,66.65142,15.79924,7.249202,24.45217,2.984958,31.86728
G89,NA,6.237811,1.938682,5.699052,76.39993,29.90526,17.493685,64.31409,NA,2.17921,1.7796192,70.88905,12.068513,3.30884,82.47041,7.1044702,33.82682,83.28557,13.12891,7.63092,42.44968,3.647354,30.45292
G90,20.56315,5.745131,1.783896,5.248303,92.15863,35.47081,14.898031,69.4254,30.29237,1.0747891,0.795348,56.51291,10.451168,3.212472,80.44943,2.5249046,28.05573,87.18952,14.2929,6.30584,28.94624,3.25331,35.22609
G91,22.21643,6.122463,1.726471,5.526832,94.92429,37.5961,18.827455,87.49241,43.48986,NA,NA,62.75756,11.789957,3.33742,89.82622,3.6613093,31.26217,96.19219,14.59819,6.41328,33.61087,3.532656,30.92232
G92,19.29461,3.933927,1.978338,4.837686,71.41406,33.00457,25.144081,63.36328,54.91862,1.7409051,2.2030343,55.11778,8.66162,3.003715,71.7175,5.1203542,23.48302,75.34101,13.85093,9.991247,27.65569,2.883636,NA
G93,23.2806,6.26389,1.790525,5.327127,68.03266,32.77731,12.204005,60.34456,20.0,1.305119,0.7765904,57.12399,9.885804,3.00658,74.69411,0.0830627,29.15602,71.34976,15.09504,4.678932,30.08959,3.288056,33.06325
G94,22.88048,6.628739,1.6977,5.689476,99.1388,33.92721,20.993286,83.5274,NA,1.9752892,1.6723535,69.19868,11.658306,3.290945,86.11013,4.3158684,30.38099,102.50143,14.13713,7.471975,35.88546,3.54254,31.71053
G95,21.16572,5.528853,1.6448,5.072669,79.06103,32.80747,16.631487,68.08674,46.83437,1.372383,1.3101742,57.16658,9.781244,2.903866,68.82425,6.4421117,27.27727,77.5841,13.20434,6.329276,29.3907,3.368353,30.85106
G96,24.20178,6.682445,1.756543,5.602682,75.68416,35.80372,8.557796,66.66909,23.03656,0.7019832,0.5,68.57812,10.793803,2.996752,63.39082,-0.0448564,28.56708,73.29291,15.35268,4.0,35.04418,3.601834,37.56246
G97,19.37333,5.147344,1.996664,5.034017,78.16785,31.33904,16.195012,63.67526,NA,0.9638354,1.1369072,52.86303,9.715481,3.282506,71.95908,-0.0233942,26.42883,73.56865,14.50715,6.562889,25.42772,2.959776,31.85999
G98,18.27583,3.41835,NA,4.923601,65.73954,28.56542,18.839608,64.43713,49.18239,1.276182,1.7556989,55.2094,9.570183,3.197355,71.7515,8.1689806,24.26533,74.1929,14.56564,9.774246,24.20183,2.993156,30.59258
G99,20.80659,5.556439,1.835149,5.308281,75.93714,35.24347,18.86153,74.44272,36.86568,1.6404102,1.4432772,62.63178,10.083146,2.961164,73.61766,0.114614,28.77827,79.65453,14.04923,6.579216,32.43192,3.405129,31.43705
G100,18.89227,5.493889,1.805023,5.14574,85.19806,39.33812,13.192928,79.70579,32.81408,1.0345432,0.8954656,63.17905,9.856301,3.061817,83.23868,0.0307302,28.13083,91.31525,14.86117,4.847904,32.83814,3.219102,33.54977
G101,23.2674,5.54599,1.886841,5.334426,86.38008,33.02518,21.902955,76.61271,52.36095,1.6175513,1.6066779,61.25762,11.136477,3.312771,83.01532,5.6915184,29.30972,87.26272,13.6555,6.618846,32.06265,3.361681,31.13928
G102,17.62076,4.294902,1.836703,4.925952,70.43434,32.38631,12.404312,58.08159,34.97546,0.9654396,0.7554728,56.34928,8.527647,2.937152,71.5749,4.4456143,26.03214,70.37343,13.84497,6.749074,22.9912,2.903372,32.31143
G103,23.61488,6.998674,1.616482,5.291858,73.06239,40.58612,17.375845,69.37781,45.15511,1.6365362,1.4146127,67.89721,10.712254,3.312329,70.40317,4.3328749,28.48842,82.92296,15.20045,6.824075,31.84785,3.234055,28.54282
G104,25.0,7.294133,1.838029,5.985769,73.8704,35.21477,12.671402,66.28193,44.89473,2.3357567,1.5408617,70.98736,11.164608,2.961906,75.65733,6.1778684,34.00485,76.21037,13.47389,6.865598,38.90673,3.7694,29.27504
G105,20.3387,5.891605,1.838742,5.37981,NA,35.6716,9.656449,81.40118,25.85214,1.3582101,0.96258,58.13327,9.835764,2.98213,82.18198,1.8530376,28.44181,78.47989,14.3113,5.219019,28.89158,3.298235,36.61473
G106,19.87457,5.457166,1.830195,5.169759,71.73982,32.58552,18.287552,72.72898,53.21346,1.6511834,1.3193941,61.25674,9.670728,2.909026,76.37428,7.0471547,26.85235,85.61021,13.92445,9.157054,33.28224,3.324387,34.38392
G107,21.73586,5.288067,1.764988,5.384789,78.03081,31.00742,14.537985,65.61102,38.71488,0.8564873,1.2446283,63.18718,10.679232,3.53937,78.86554,2.9390776,28.4999,86.9242,14.2666,4.753173,33.38559,3.017269,35.19597
G108,17.01594,3.788151,1.748239,4.751784,77.2297,31.56151,11.10623,78.13247,20.0,0.7635885,0.5686552,47.778,7.927695,2.890754,79.60303,0.1139918,23.6698,73.3338,15.23159,5.961266,22.68754,2.742432,32.16636
G109,22.14375,5.245787,1.832507,NA,63.24828,31.85789,7.941872,50.0,34.33349,1.443634,0.6659232,58.45761,10.005824,3.007345,56.31333,3.7314055,29.2085,NA,15.58248,6.267456,31.72029,3.327129,29.30295
G110,17.37911,4.571914,1.6349,4.7897,77.7892,27.98173,12.939733,67.67208,39.03706,1.0761497,1.1913243,46.76766,8.457089,2.918044,75.89275,6.5543399,25.01248,76.86562,13.6883,6.51605,25.22994,2.898205,34.149
G111,19.36895,4.26103,1.709611,4.899432,65.03088,31.2865,15.980918,58.99367,40.12266,1.3589416,1.5555583,62.44961,9.36694,2.966089,75.8713,3.9226447,28.73701,69.37862,13.91879,7.883144,28.30119,3.15801,34.07942
G112,23.09617,6.813815,1.736376,5.576468,79.96034,32.83899,12.372587,86.28734,26.40435,1.547814,0.8594983,66.15372,10.829087,3.329078,89.9764,-2.0,31.08012,84.65405,14.36346,5.812596,35.14303,3.252879,30.35499
G113,20.61071,4.745423,1.863398,5.189422,71.13229,30.78709,19.257949,67.77735,57.92384,1.3441082,1.4045961,51.02748,9.962704,3.159374,69.83118,7.3092033,27.03901,82.79843,13.92345,7.209924,29.94427,3.153379,38.50741
G114,22.20879,6.003948,1.696048,NA,69.96381,32.81197,17.365509,66.32819,41.45181,1.7540111,1.1552956,61.66716,10.764917,3.55515,73.60283,4.6772653,30.90193,71.5999,14.51978,7.386185,30.34466,3.027978,33.44746
G115,24.00131,5.750848,1.798229,5.554865,80.31004,32.11694,16.550349,67.02987,43.51129,1.2536362,1.0312154,67.51815,11.815436,3.463967,75.61386,3.3234395,28.32691,NA,14.00753,5.84083,33.44791,3.410955,34.36168
G116,20.26817,NA,1.966913,NA,83.63435,32.04438,24.900756,75.53474,54.1863,1.7386921,1.8698754,62.60183,9.775394,2.805389,76.63047,4.4700411,28.29979,87.5883,13.6914,7.411099,32.50021,3.484506,28.7075
G117,17.47522,4.281541,2.114792,4.72614,74.04103,29.55591,19.306859,80.05046,51.96513,1.7274156,1.8400325,58.82565,9.064017,2.937575,62.96357,5.884793,25.02972,81.64665,13.16823,9.568645,27.26498,3.085544,36.48586
G118,20.31238,4.43499,1.694785,5.236628,92.04956,31.09976,17.889288,87.5091,37.98451,1.4893479,1.7893882,58.94595,9.758102,3.566917,103.8098,3.87811,NA,104.45421,14.45262,6.225928,26.67906,2.735725,32.33439
G119,25.0,7.469669,1.717141,5.892177,NA,32.09642,20.61178,80.98624,38.96875,1.6947269,1.3003972,68.90239,10.70801,3.137408,88.85238,3.0780938,32.40272,93.38129,13.74163,5.404002,35.39602,3.413012,33.52993
G120,18.0292,3.864243,1.801968,4.598428,94.73322,30.66544,12.273484,82.01516,25.44405,0.7,0.7157992,50.75014,8.525811,3.117752,95.68923,-0.554506,22.0,99.803,15.18642,4.0,22.0,2.734602,32.33717
G121,19.43697,4.838579,1.83489,5.15695,77.14407,31.92629,11.098495,71.16009,37.02084,1.2232516,0.7372065,63.19667,9.484352,3.02614,80.24559,1.896976,28.23992,81.10509,14.87692,6.69882,28.11599,3.134142,33.30827
G122,19.93007,4.632872,1.843439,4.889205,69.01284,30.29568,11.22115,62.96756,34.64742,1.0545759,NA,NA,10.154978,3.247306,57.54609,2.9839576,25.01142,74.70052,14.34435,7.459226,29.86605,3.1272,28.40258
G123,21.43806,5.395798,1.836895,5.225146,92.81762,35.13644,19.463392,74.02565,49.05239,1.6919413,1.6366258,60.2256,10.655083,3.504074,85.53394,6.1177466,26.76422,NA,14.47864,7.582058,32.49101,3.04077,34.40327
G124,21.7781,6.321692,1.739694,5.445382,68.58384,31.35308,12.360154,68.62496,48.30008,1.3902367,NA,60.58586,11.538712,3.276124,73.95147,4.7617825,30.27529,71.4756,14.19167,6.877357,NA,3.522062,33.13643
G125,24.50892,6.828442,1.888392,5.812522,76.60085,33.41434,20.948772,73.92174,42.31231,1.6557061,1.1823609,67.59696,11.006155,3.092266,78.55044,1.8292891,29.53803,79.13438,14.55693,9.188752,37.32586,3.559253,28.13606
G126,20.35714,6.138636,1.80936,5.319351,80.55818,29.5396,24.913638,81.33206,56.2874,2.0143932,2.0402778,54.73025,9.702979,3.103175,81.48251,8.3052328,29.87003,92.91664,12.62108,8.58539,30.85317,3.126791,NA
G127,22.16288,5.876094,1.910463,5.600185,62.58177,31.6285,9.877342,51.14259,39.20911,1.4307069,1.0217819,65.32063,10.829313,3.345479,52.62088,1.0713739,29.92707,62.96845,13.95289,5.766735,33.57878,3.236999,32.1605
G128,23.15979,5.742509,1.745078,5.261684,99.49008,31.96684,15.022652,94.5684,33.05788,1.2375246,1.1799851,63.72929,10.626148,3.243094,99.02576,3.5944377,28.98292,105.25443,15.49715,6.043725,31.74134,3.276546,35.98906
G129,20.14416,5.480239,1.806081,5.289167,87.04083,28.89438,13.003533,74.97265,20.0,0.9559177,0.6344294,59.39819,10.915854,3.171664,88.32604,3.3493697,30.4874,79.95027,15.02617,4.122771,36.41358,3.44168,30.37927
G130,19.02313,4.613407,1.787779,4.859302,85.28137,27.04937,15.649587,70.62771,40.84097,1.251778,1.3166983,54.79503,10.505101,3.39768,79.61421,5.7848762,26.66372,82.64576,15.18367,6.496941,29.43095,3.091846,27.15637
G131,18.38751,5.110812,2.007819,4.864851,86.32306,27.44778,20.549778,74.62785,56.23565,1.406887,2.2274233,57.51244,8.171389,2.620559,88.73788,4.9937301,26.09465,93.86272,14.44394,9.890676,26.24362,3.118186,31.82416
G132,18.17224,4.853787,1.865128,4.75077,93.46708,34.93436,12.067966,77.39385,20.0,0.7,0.7295505,54.3722,7.979908,2.662528,61.10626,-0.1731345,25.39282,83.59896,15.4216,4.261017,24.81591,2.997117,34.14632
G133,18.90966,5.306947,1.625367,5.054755,70.89447,33.87663,13.453909,66.30192,20.37685,0.985457,0.9241838,57.85124,10.489138,3.434935,76.549,3.1799103,25.73366,79.84028,13.95462,6.27914,29.07608,3.053664,37.33736
G134,22.06751,5.732403,1.605824,5.196783,73.60027,31.13056,18.518694,76.22272,43.93565,1.230884,1.4644047,59.82769,9.892925,3.038008,69.38521,5.091671,29.15314,85.10194,14.57521,6.242931,28.8414,3.256386,30.33343
G135,23.46624,5.390038,1.850064,5.258067,70.32438,26.42782,19.600334,61.78911,42.47164,1.7872927,1.6627186,61.40259,11.459079,NA,55.8473,4.2428223,30.30412,NA,13.29708,8.138342,34.24657,3.18888,32.25526
G136,22.49829,5.278965,1.912125,5.238217,78.90254,34.02472,19.815112,72.92682,35.40647,1.8128535,1.5163336,60.72661,10.257913,2.864722,81.14119,6.1215511,27.18387,89.66475,13.60899,8.528497,34.60087,3.580771,34.70807
G137,18.99232,4.206811,2.039584,4.920576,84.54763,30.06038,15.37391,67.28989,36.16601,1.2647454,1.5499927,53.72132,9.228606,2.832329,72.70795,5.5160198,25.73489,84.22953,13.4475,7.048793,30.15431,3.25831,32.27656
G138,24.14333,6.717705,1.812813,5.688575,87.02641,32.85895,13.974501,76.05616,39.73635,1.5939614,1.3757503,67.30022,NA,3.088551,94.32918,1.3360409,31.18184,95.47275,14.17473,8.139226,37.22661,3.858856,32.73484
G139,24.18622,6.502446,1.816416,5.61385,82.20742,32.71475,17.95046,61.53813,52.65401,1.812268,1.2741152,NA,10.903787,3.059839,76.15599,5.999737,31.306,85.70704,13.80555,8.046377,39.01996,3.563517,28.51239
G140,20.6028,4.912539,1.798691,5.073614,75.34362,35.14423,21.851972,63.03085,41.93776,1.6680486,1.7230582,56.31969,10.029852,3.25222,70.46745,5.5544016,27.63599,69.87266,13.19432,9.682471,30.20521,3.084002,34.31168
G141,20.82357,5.712416,1.725816,4.906461,66.29177,32.92204,10.085701,56.87442,24.17344,0.7,0.5,60.59831,9.399854,3.16573,55.76585,-2.0,28.77575,60.0,14.33975,5.219293,24.57597,2.969253,32.71667
G142,20.55905,4.849393,1.718573,5.071821,79.89361,25.0,19.848207,60.17294,49.06008,1.5632882,1.6054782,63.49278,NA,3.079808,78.65896,4.9411108,28.61652,86.82838,13.6886,8.714349,31.74238,3.191,36.7715
G143,23.43746,6.427785,1.814347,5.583467,76.01936,33.92369,18.106213,68.8545,40.27138,1.590098,1.0667086,69.00211,11.003489,3.355069,83.22868,1.66194,30.57884,81.56684,13.44583,7.255479,NA,3.279661,35.33247
G144,21.20575,5.387216,1.949529,5.310638,74.63576,29.68946,NA,71.73565,38.48268,1.3740715,1.1296302,62.69546,10.814188,3.047819,64.57477,1.0947912,27.87423,84.64012,14.82914,6.527148,32.71855,3.548173,30.75584
G145,22.25286,6.549523,1.789406,NA,62.21109,28.62956,7.0,64.52873,20.0,0.731879,0.5,60.64879,11.788844,3.653675,63.40302,1.1500553,30.40675,66.25322,15.21888,4.354587,31.23027,3.226572,31.13745
G146,19.53936,5.224091,1.713001,5.110208,86.93335,29.84402,15.38114,74.05596,20.0,0.9110982,0.7805281,55.6606,10.523827,3.295196,NA,-2.0,27.51914,84.43715,13.93246,4.397075,26.3245,3.193688,29.13333
G147,20.89235,5.845435,1.891198,5.287917,82.76447,25.0,22.337306,69.49082,58.40057,2.1229659,2.2247112,58.86092,9.924782,2.831731,85.03874,9.9622538,29.4139,90.29101,12.42752,9.920918,33.55884,3.504846,30.57385
G148,23.05007,7.005703,1.812505,5.759176,67.13392,34.54511,10.75205,62.80005,39.37915,NA,0.9788713,68.33427,11.502478,3.157804,68.32458,3.3060467,31.39718,72.80599,14.62176,4.890412,38.043,3.642556,35.12309
G149,20.00493,5.698906,1.770489,5.068013,87.05349,29.1085,14.629872,85.42029,27.5887,0.7,1.07698,66.00544,10.230627,2.846057,76.5068,4.638985,28.13342,87.76307,15.07755,6.677864,30.80108,3.594667,NA
G150,22.80588,5.807807,1.652218,5.19831,81.901,34.59173,15.336526,76.0201,30.47518,1.056845,0.9014053,62.14164,9.988797,3.107205,82.5426,7.2618103,28.88972,86.88008,14.6459,6.967679,28.21095,3.214721,35.60652
G151,22.63227,5.955286,1.677166,5.352721,80.57729,31.9879,NA,67.9512,37.39041,1.243089,1.3039452,65.77503,10.405194,3.254408,84.36538,1.8180445,29.00701,82.8999,13.92137,6.30982,29.51113,3.197262,30.80881
G152,21.29806,5.823712,1.942472,5.307281,69.12339,31.41163,15.695939,67.83237,38.03483,1.5713817,1.274498,60.96932,10.16367,3.106571,70.88702,5.0075463,28.6288,72.8552,14.67597,6.76127,31.77355,3.271668,34.73495
G153,18.63153,NA,1.863535,4.601433,88.59231,33.07338,24.078944,81.01094,53.63394,1.501721,2.0676651,51.20526,8.812438,2.879325,97.34017,7.9353221,25.00596,96.5273,13.92765,9.27162,25.89952,3.060592,31.35724
G154,16.0272,4.143871,1.70897,4.528236,84.68187,25.0,11.264863,71.236,39.13681,1.070236,1.2528066,53.00955,9.062578,3.219567,88.5914,0.107242,24.32967,85.27521,15.06577,6.494266,24.15647,2.814843,34.71639
G155,18.98533,4.251017,1.763205,4.865786,79.96094,33.89045,15.225573,64.58635,44.98981,1.4959039,1.3324251,53.42351,10.015546,3.40655,70.59583,3.4232951,23.44772,77.47707,14.58822,5.440973,24.23316,2.940085,28.35949
G156,21.46191,5.8273,1.897979,5.351222,85.03955,33.13607,14.592853,76.7588,42.7589,NA,1.193294,59.96737,9.207064,2.935484,88.73888,7.2223829,28.32859,80.85818,14.96679,5.686258,29.47632,3.136472,30.84688
G157,23.14263,5.81452,1.682473,5.419065,96.61779,34.30578,22.380682,82.88979,52.8406,2.0566595,2.1876678,63.06122,10.983478,3.451394,87.60676,8.7324912,30.39543,105.92901,13.66739,8.970221,35.92242,3.182331,29.90033
G158,20.37159,5.320938,1.71189,5.129674,67.2965,30.59691,15.272046,66.83589,48.7087,1.5214038,1.5311197,54.12353,9.537867,3.075388,77.51779,NA,26.25614,70.03281,14.93712,8.378595,30.68351,3.101355,33.76767
G159,23.91195,7.458969,1.504684,5.619644,87.85473,33.64269,12.670079,76.04569,23.96903,1.5205053,0.8900872,67.65263,11.919004,3.647649,75.1441,2.6874028,28.52182,79.4289,14.94425,6.000055,33.02764,3.267585,28.62635
G160,21.04005,4.994229,1.85361,5.047933,90.32987,29.14503,16.976264,77.75788,61.75522,1.7219188,1.8346048,58.8676,10.563436,3.613436,89.45022,8.5795743,26.02297,104.61447,13.52176,8.894715,32.24543,2.923377,31.06534
G161,21.30557,4.639371,1.874021,5.277205,68.14404,33.26635,18.728308,64.31172,60.74099,1.7515359,1.867664,56.19238,10.183509,3.076863,74.3228,8.5584271,28.13493,75.40468,13.05719,9.749077,29.49062,3.309705,34.53223
G162,19.25411,5.086761,1.91506,5.040955,75.04018,34.23616,14.519166,58.64459,46.24049,NA,1.617962,59.16188,9.749015,2.868442,73.16096,1.1920964,26.70837,75.1099,13.31641,7.951872,31.44329,3.398714,33.97157
G163,20.82449,5.731531,1.844734,5.347183,70.44261,25.0,10.536835,63.71388,20.0,0.929608,0.7460034,62.8119,10.781667,3.251312,70.9968,0.484083,28.45557,81.10364,16.0,6.381926,31.47418,3.316098,32.04305
G164,23.70294,5.273867,1.58988,5.314851,76.56281,32.09665,22.529771,74.99046,61.11041,2.4242186,2.2188581,61.09771,9.826377,2.878724,72.3349,4.8736712,29.52769,82.56792,13.32642,10.115128,35.55125,3.413448,35.07893
G165,23.02207,5.43629,1.803545,5.400208,74.61324,28.91771,15.180928,71.29716,38.97134,1.757115,1.5884255,70.26579,10.719455,3.164053,70.61445,4.2356698,28.90145,80.28071,15.04487,8.621452,32.15403,3.387888,32.64468
G166,19.87707,4.575646,1.785123,4.750454,79.49561,30.78846,21.482134,80.06696,56.1303,1.7048731,2.0625801,51.70346,10.015084,3.559154,77.56003,0.7946199,24.92547,87.1103,13.99605,10.064463,24.76776,2.813895,32.0989
G167,23.80931,6.645643,1.755107,5.419049,79.85499,31.53255,11.87035,61.03828,35.52662,1.5064807,1.1769406,65.00633,11.476445,3.455875,66.26526,-1.4271904,31.58664,75.96451,14.95134,6.155377,39.23434,3.320851,31.48922
G168,19.68839,4.345984,1.579994,5.057125,65.59205,32.81741,12.295942,62.24334,34.99816,1.1221292,1.2839122,56.28307,8.917698,2.685643,72.8666,NA,25.67366,78.36086,15.46852,7.229186,23.65696,3.320508,36.76841
G169,20.19772,5.018372,1.841225,5.302816,NA,33.32481,13.915737,78.28845,52.86025,1.1307646,0.9869781,60.58107,9.507186,2.725319,88.22095,6.6989208,28.02563,90.38195,14.16608,7.692304,30.19995,3.488467,36.11737
G170,18.92603,5.251725,1.75794,4.985248,80.81061,30.63569,21.006811,71.99164,46.17388,1.7746746,1.6805327,55.73331,9.729597,3.17457,71.50935,6.5287194,28.44322,83.7508,13.27608,8.50418,30.3091,3.064855,32.33633
G171,18.72973,4.949322,1.943128,5.092023,80.46602,30.12206,17.50868,NA,38.36577,1.3371245,1.6092206,56.88721,NA,2.975822,84.81717,5.8609553,25.93382,89.96923,13.45325,8.031356,26.97682,3.24259,32.69377
G172,21.40271,5.330385,1.740912,5.050326,80.60184,30.67812,11.184206,68.67225,31.88243,0.7047623,0.9219204,56.13843,10.318608,3.410773,83.96195,5.0030742,27.1195,81.97213,14.46724,5.691236,30.65176,3.025299,32.89213
G173,19.77437,NA,1.73788,5.017192,85.38628,27.52438,14.943225,79.84128,39.17676,1.1857488,1.0960641,58.56551,9.258765,3.097985,81.06098,2.4240614,25.9399,84.15504,13.33018,9.5523,29.01782,2.988641,31.60418
G174,22.14519,5.448609,1.757139,5.160615,70.29312,25.55491,22.187739,64.03681,53.07212,1.7025517,1.8680809,64.04383,10.154404,2.969126,68.50684,9.4647476,28.08608,73.65556,13.08614,10.11414,32.97768,3.419998,30.35893
G175,22.07701,5.827842,1.9552,5.189962,78.22471,35.72216,15.090371,72.88925,46.30168,1.5838978,0.9726959,63.96852,9.316834,2.643607,62.90326,6.9205473,29.03462,80.01182,13.246,7.898301,32.29532,3.524288,33.66124
G176,23.69432,7.207635,1.844985,5.708135,97.17464,27.64674,19.906392,87.90668,46.85024,1.8627221,1.2877746,67.93899,11.396635,3.338104,107.29047,4.723217,32.84194,99.35257,13.14381,8.294229,35.35488,3.414105,29.68401
G177,22.88078,5.363689,1.733047,5.479044,79.81435,37.41594,12.780116,76.69003,39.13555,0.8064306,0.7819647,59.57075,10.866659,3.375173,80.95514,1.7311807,30.70194,88.71593,13.79141,5.525931,33.00649,3.219586,31.09459
G178,21.03217,4.652194,1.689808,5.068587,84.32942,29.39188,9.464818,76.85889,29.76626,0.7411129,0.6163863,54.13031,10.556429,3.515509,82.20803,1.5821409,26.09257,86.71531,14.64241,5.080172,28.12473,3.002817,30.19516
G179,20.19699,5.678678,1.551828,5.285215,74.50459,34.34059,15.552103,77.11787,40.18744,0.9483813,0.9422768,60.30465,9.481795,2.912906,73.44784,1.4375585,25.91515,79.21682,14.43668,6.145442,30.20392,3.255098,34.72568
G180,20.14891,5.820841,1.59351,5.201249,81.19267,35.7069,14.985338,71.08695,37.04603,1.3964014,1.1088215,63.01059,9.771096,2.843278,77.66272,5.9601234,27.65649,83.11277,13.21876,5.357182,30.90392,3.43656,27.62681
G181,20.26087,5.297991,1.75119,5.236362,70.34848,30.7273,15.61278,72.82335,39.72949,1.3098988,1.372539,58.73277,9.346561,2.75704,77.13455,1.4495099,28.70977,76.86435,13.79137,6.894708,32.76539,3.390071,36.20603
G182,23.46581,6.977788,1.738889,5.580676,106.61613,31.66459,18.056755,100.0,42.82426,1.6162594,1.8961805,67.89913,11.723029,3.392303,110.0,3.5275484,32.21044,112.07295,15.00294,8.637272,32.57281,3.455773,30.40369
G183,23.14482,5.866125,1.667657,5.410033,78.12444,31.81196,23.465887,63.38172,52.8302,NA,1.7914009,73.12396,11.073278,3.349519,63.24734,8.2994964,30.58004,81.28489,14.03487,10.000227,39.80357,3.305931,28.30538
G184,22.01168,5.467353,1.638002,5.170201,79.34632,32.47269,16.353725,73.27802,47.58407,1.6976681,1.2877801,57.01538,9.774293,2.96868,74.03041,6.2168429,26.11333,84.82191,14.25384,6.964247,29.25151,3.292471,31.9103
G185,18.33231,4.822317,1.800416,5.148003,60.0,29.20978,15.656562,52.81369,45.92354,1.5405921,1.5951384,58.5492,9.146859,3.067762,50.0,4.2271651,27.25182,65.76109,13.2657,9.668339,28.83359,2.981606,28.63974
G186,16.33304,3.369164,1.759419,4.53992,90.07818,27.28654,16.132476,74.19258,44.44637,0.7731809,1.3329841,48.35655,8.999643,3.353098,78.79995,5.9563563,23.12279,88.22571,13.61304,8.179539,22.0,2.683979,29.97556
G187,18.94572,4.635225,1.921548,4.85976,77.86678,32.0455,20.125931,66.14531,66.97881,1.7521608,2.0438567,59.27912,10.736128,3.337066,70.01672,7.3551361,28.03395,81.60928,13.2398,9.375593,28.81406,3.217236,30.24932
G188,19.3563,5.716625,1.814121,4.99961,74.19919,34.12312,10.639132,74.04886,20.90788,0.7,0.5,60.35524,8.64659,2.718888,71.38694,1.5485675,25.08301,77.43893,15.26764,6.167214,NA,3.180193,32.73669
G189,20.74358,5.197558,1.753615,4.929492,78.52013,30.25391,12.948293,69.63943,41.77883,1.1475908,1.2173368,61.98202,10.447848,3.221503,71.72493,7.2680004,27.61402,74.64528,15.09236,6.326196,29.49899,3.243159,26.87095
G190,21.29995,6.256218,1.697897,5.200544,73.86485,35.11103,20.175648,64.58839,52.15142,1.7256412,1.5150727,59.43003,10.782839,3.207021,77.77763,8.5439503,26.90345,80.04623,13.91493,8.31152,36.24572,3.36226,32.96085
G191,21.84943,5.728297,2.10229,5.260069,73.94392,30.41936,12.785012,69.13913,38.88645,1.3067084,1.6928581,61.55744,10.327717,3.167821,64.65325,4.307692,28.26299,76.15587,14.36864,NA,31.63552,3.260196,30.37753
G192,20.74743,5.178599,1.844735,NA,80.55867,NA,15.531143,72.05514,54.45244,1.6371406,1.5939238,53.27245,10.390636,3.31755,71.38231,7.1006292,28.79629,81.34837,13.6087,8.654359,29.53136,3.13202,26.9493
G193,21.17985,5.110777,1.667168,5.280337,78.28797,34.03203,15.709491,74.20139,47.97902,1.4097573,1.7483268,59.92512,NA,3.322861,72.81341,6.3791319,30.21955,86.46896,13.43773,8.03239,36.17634,3.291779,32.29255
G194,20.3551,5.526968,1.535826,5.141325,76.67374,26.57564,18.360317,69.05341,52.61019,1.8556048,1.9384295,53.6245,10.673415,3.285169,60.44225,7.701817,28.08514,86.26574,12.19633,8.481292,31.17613,3.24897,35.68777
G195,22.00546,5.608064,1.681506,5.053595,77.34791,34.14557,15.81663,NA,46.39259,1.5984226,1.8966083,56.89901,9.534051,2.858899,71.77532,3.669959,28.14334,85.03444,14.22243,8.774652,31.99392,3.334868,27.60697
G196,15.3226,3.068308,1.710266,NA,93.72152,25.0,20.175502,86.07988,42.72738,1.066787,1.8931806,45.0,7.872262,2.96284,80.43463,6.2291844,22.0,86.02512,13.39618,7.123809,22.0,2.656998,30.52134
G197,22.08851,5.057962,1.636475,5.203066,85.3234,32.01992,22.008211,71.69367,65.05326,1.7754699,1.9196859,65.2628,9.98627,3.100721,82.48237,NA,27.6816,97.89209,13.8493,9.405522,28.59684,3.220629,31.648
G198,22.07049,5.170464,NA,5.293775,88.08143,29.16275,17.012722,73.92824,51.71451,1.7391148,1.2404447,60.87819,9.71302,3.141295,83.59542,4.3791457,28.51424,93.17481,13.41633,8.373924,33.54659,3.092044,34.64524
G199,20.9395,4.523879,1.705421,5.070696,75.02069,31.83588,19.857511,68.00106,55.10937,1.8401241,1.5253137,63.59617,9.146448,2.917015,56.41685,6.2473265,28.46562,80.85922,13.49377,8.89042,28.28258,3.135551,28.89867
G200,18.44826,5.637875,1.577898,5.138135,96.40536,35.56144,17.503329,81.71956,53.11521,1.5857938,1.6507612,52.29305,10.513527,3.296672,80.8869,0.9951933,27.81237,92.66717,13.72863,5.44559,31.95923,3.189133,34.86313
G201,20.78163,6.944404,1.861155,5.196414,92.58642,33.97579,13.352773,79.8125,40.30831,1.4819812,1.1984968,59.98118,11.387626,3.202364,88.68418,-2.0,28.40072,91.76011,15.30795,6.500508,32.83322,3.556006,30.57778
G202,20.90966,5.97735,1.62365,5.28626,76.39071,34.0434,9.822243,61.57259,27.27387,0.9138331,0.7427346,54.60642,9.507462,3.042825,74.80471,1.911517,27.34837,81.03837,14.66256,6.115846,29.12541,3.124551,34.49276
G203,24.48563,6.937795,1.460702,5.930777,93.06898,34.57505,25.472379,86.77455,40.98313,1.8834287,1.5470526,68.81177,11.835996,3.319344,101.61295,5.1674271,34.8694,101.27044,NA,6.859545,39.85446,3.565764,34.64767
G204,22.47378,6.355416,1.908412,5.368254,73.20993,31.77855,7.0,NA,27.82623,0.7,0.5,66.39474,10.405087,3.126876,70.27248,1.2615506,29.19937,67.26558,15.35213,4.0,32.38386,3.32763,31.93938
G205,20.35817,5.795111,2.025737,5.183442,62.61477,34.26758,7.0,65.0367,20.0,1.0161837,0.5,56.80065,9.993999,3.027413,52.64113,-2.0,27.02319,60.0,14.07013,5.048676,29.91161,NA,29.64065
G206,21.14589,5.26836,1.75578,4.796708,86.76233,32.887,11.3662,82.314,26.12164,1.2785689,0.946347,56.15064,10.603287,3.427071,80.49701,2.9013965,27.14973,91.78274,14.76301,NA,29.4636,3.093979,33.24174
G207,21.80225,5.615422,1.850454,5.302601,77.14145,30.69279,15.113772,62.12514,41.70434,1.283545,NA,57.46384,10.668855,3.312822,66.15493,3.7947137,27.79384,81.22069,13.51449,6.807344,32.71173,3.220474,32.28733
G208,18.14282,5.554092,1.901175,5.038717,84.01848,34.28254,7.0,78.34159,20.0,0.7,0.5,48.68546,9.166305,2.962606,90.93401,-0.2267131,25.35815,81.97277,14.86557,4.0,25.2596,3.094001,30.32881
G209,20.01506,4.640305,2.090972,5.273737,70.31185,29.0898,18.780382,63.52308,43.88616,1.8642114,1.6729413,58.18324,9.176256,3.044373,59.29425,6.211372,28.63815,77.49728,14.66112,9.803727,29.65829,3.01417,32.11358
G210,19.8379,5.42706,1.708351,5.221041,67.65186,33.46461,16.119005,59.12165,46.75907,1.4833031,1.5195439,62.59283,9.72299,2.918749,57.72388,6.832181,29.12998,69.11853,15.10569,8.431889,29.72275,NA,31.73043
G211,22.27658,5.902153,1.698379,5.288554,86.55793,NA,24.726069,78.86054,72.01455,2.3076278,2.1570125,62.11086,11.388229,3.414189,86.55176,6.7877497,28.8738,99.39151,12.98713,9.647504,33.88126,3.335559,30.5653
G212,20.37816,6.098551,1.750734,5.196672,65.96739,35.57163,17.528401,59.56569,45.41772,1.8684291,1.9374957,62.95101,10.430219,3.07719,68.57904,7.6439445,29.25153,80.55783,14.2737,9.267688,35.32795,3.389527,32.16898
G213,20.13914,4.535272,1.814642,5.224642,64.84485,30.39685,16.908612,53.8162,41.00461,1.8359236,1.3065612,59.1686,9.480868,3.045725,63.05284,6.8900024,25.54839,66.38082,13.26007,8.671697,31.81136,3.112845,31.36735
G214,18.97066,4.551742,1.838267,4.996238,66.21872,32.23754,24.217367,50.0,58.65096,1.6992028,2.2379795,51.37017,8.241532,2.679049,54.92152,8.5433364,25.27012,70.94328,12.48526,10.04421,28.57043,3.076291,29.72974
G215,21.85371,5.017256,1.757789,5.16759,60.0,30.97128,NA,50.0,35.05459,1.1894397,0.5,55.35768,10.009724,3.315601,50.85463,5.0854371,24.85541,60.0,14.87736,6.385951,28.6085,3.018977,33.63616
G216,24.27037,6.917209,1.799006,5.625519,73.78572,30.46383,11.392208,67.16092,22.55291,1.1781684,0.5,67.33679,12.34458,3.220777,76.14724,0.5394774,31.21403,68.83851,15.53811,4.0,36.94313,3.832795,29.82837
G217,23.86579,6.10037,2.088169,5.384816,65.625,31.83328,12.346976,54.94636,43.86127,1.4215625,1.1073582,64.80033,10.112925,2.76128,51.28859,4.9655046,29.41771,60.50365,14.2753,6.216259,33.0475,3.662404,36.94757
G218,21.92447,4.972565,1.803964,5.166168,74.83328,37.07524,14.967798,71.19124,38.79892,1.4214793,1.0141812,60.25702,10.580357,3.292799,81.50381,5.3690877,29.37306,78.64907,15.4685,4.700768,32.84509,3.213181,25.98447
G219,19.93891,5.207946,NA,4.925466,60.22415,32.21931,12.8642,50.0,45.69628,1.281525,0.9183284,52.53737,9.446987,3.267048,NA,6.2567205,25.79218,60.0,15.22877,6.585622,30.44633,2.891597,34.1386
G220,20.79564,4.988704,1.890308,5.257017,70.45117,30.01278,12.958843,65.55813,35.26176,1.1538577,NA,60.99498,10.237198,3.032273,71.53242,3.7403148,27.95167,62.14991,15.41646,4.37262,29.9482,3.37608,34.39242
G221,18.35653,4.88099,1.826443,4.851936,98.42544,26.39663,26.566702,78.81575,NA,1.3273604,1.4786019,48.85257,9.098206,3.20887,99.20122,4.9711709,27.03176,100.67581,13.84637,8.125415,27.61734,2.83533,30.44345
G222,21.18089,4.425104,1.798082,5.258984,82.81188,31.93461,18.147713,82.94013,41.92875,1.295073,1.2640836,55.09099,9.603953,2.899689,74.31449,6.0511312,24.90242,83.71754,14.91809,8.597398,28.17007,3.312063,28.80387
G223,NA,5.81082,1.896167,5.276982,NA,32.36161,16.874222,67.65287,40.09632,1.1488139,1.4022624,57.33683,10.049189,3.102691,69.26045,5.1522953,27.59627,85.40736,15.0111,7.626929,31.88778,3.238862,32.22077
G224,20.68534,5.288521,1.544426,5.037373,62.83826,NA,18.452215,60.60154,49.36402,1.3876962,1.6343455,55.30108,10.011675,3.403315,57.62571,6.6559429,28.24144,63.63161,13.74259,6.424942,31.00301,2.941742,29.20469
G225,22.11371,6.471807,1.987373,5.293271,76.95835,NA,15.609587,65.74713,33.40251,1.3329786,1.3779628,62.27857,10.717939,3.082756,66.47487,4.918864,NA,77.4111,14.42969,5.676533,34.94895,3.476739,31.43395
G226,18.10125,4.033832,1.91157,4.779508,73.51721,32.22732,13.417431,70.92412,49.49111,1.3085396,1.693818,54.57675,8.716186,2.890224,66.88339,4.6693682,24.90391,88.22709,13.88492,7.636508,24.23027,3.015748,29.49856
G227,21.50971,4.066228,1.797066,5.111488,66.82663,32.1717,12.93799,55.44658,46.92579,1.2446526,1.3705971,60.86929,9.899853,3.199926,73.00341,3.6477394,24.46245,70.87573,12.71908,7.028584,28.22845,3.093776,34.44417
G228,18.45806,4.149361,1.805009,4.793457,72.63994,33.09046,14.542397,60.99618,44.22793,0.9796717,1.2217232,48.38904,9.66371,3.056517,NA,2.9073593,23.04515,84.51755,14.09055,5.397446,28.27124,3.161674,32.03434
G229,20.09893,4.592311,1.79853,4.95618,88.97185,27.91365,21.306782,82.67124,53.12537,1.5075405,2.0183964,52.51604,9.582525,3.285728,84.00324,5.498799,26.14435,98.99777,13.76068,7.856761,27.02444,2.916408,34.11322
G230,20.70305,5.540224,1.883768,5.163108,80.17729,32.0857,18.602004,61.86825,46.15362,1.5221563,1.9124322,60.85909,10.336003,3.192445,72.30067,8.8440504,27.88035,92.00711,13.81993,8.357359,36.63302,3.237645,31.38133
G231,18.92075,3.724934,1.936171,4.84107,78.90957,31.23675,25.019973,62.67364,52.00328,1.6668389,1.9063558,52.28688,7.5,2.562554,83.84664,3.4303128,22.90381,82.49887,14.06079,8.66133,23.37574,2.926767,26.96639
G232,22.64676,6.822188,1.91028,5.451844,60.0,35.83818,13.838335,51.23316,29.60543,1.1862734,0.5,58.78346,11.178889,3.457093,58.57285,0.1776373,29.09046,64.08171,15.04949,4.0,NA,3.23361,33.19996
G233,20.15202,5.425551,2.031039,5.256596,63.70672,30.52412,8.772641,57.37779,23.37263,1.2494566,0.9934202,59.05184,9.259295,2.931725,69.36505,1.9869008,28.18233,67.82193,13.88433,5.032942,28.3396,3.158309,35.54969
G234,21.77238,5.150283,1.924826,5.389186,88.92967,34.81008,9.781644,80.22014,20.0,0.7628339,0.712035,60.34612,10.106559,3.143,NA,2.5200937,28.81281,87.38392,15.13056,NA,29.94417,3.215578,32.64478
G235,20.03719,5.894687,1.604416,5.437872,72.2581,32.08041,16.288873,62.15258,46.17503,1.359635,1.2802864,63.12744,10.598916,3.210663,68.57751,1.2411132,29.96695,71.97564,15.4405,5.989302,33.77828,3.301162,29.0292
G236,NA,4.765119,1.639851,5.027838,61.84907,34.6635,14.433195,75.97625,41.50417,1.292087,1.3692394,54.31511,10.714718,3.7507,NA,6.1866742,26.44004,81.23168,14.83066,7.4799,28.64661,2.856725,31.256
G237,23.64537,6.619266,1.869161,5.440478,78.12713,39.50776,13.673204,56.76015,29.78426,1.5960961,1.2366402,64.99799,12.074652,3.420717,75.44791,3.9290138,29.51853,76.27336,14.08689,6.421385,35.06169,3.52986,29.98526
G238,20.92326,5.079019,2.024435,5.010591,78.28274,31.95975,21.095353,67.91005,62.25133,1.92982,2.0617516,56.39643,10.057205,3.308027,69.07402,7.3781828,27.9695,91.48038,12.98144,9.979994,32.80531,3.040243,33.58534
G239,23.38025,6.064738,1.719752,5.320235,63.01449,30.49947,15.659019,63.16043,43.05582,1.4146956,1.3157079,63.81416,10.65744,3.165458,NA,7.5519609,30.50707,72.29714,14.86409,NA,33.30981,3.366792,29.15085
G240,20.5735,5.448339,1.797705,5.15314,79.94975,33.07445,12.235909,76.45313,20.0,1.1083612,0.7209516,64.03292,10.657805,3.595344,81.85636,2.8467334,27.11248,77.49914,14.28716,5.192431,29.47214,2.964335,30.0551
G241,21.37443,NA,1.897507,5.224243,75.97793,33.21572,18.460256,62.26474,44.61362,1.6816203,1.3060338,63.87483,NA,3.432297,69.80297,4.3253676,29.78975,70.96841,13.91958,6.586683,32.50371,3.27999,31.72861
G242,21.85843,5.256768,1.773874,5.209486,83.60581,30.36872,16.528776,NA,36.24102,1.8027149,1.4544657,59.98133,11.405982,3.358955,74.02239,6.9726887,28.21509,91.85787,14.72564,7.663342,34.82556,3.395694,34.92807
G243,22.31765,5.716379,1.625192,5.386342,68.89732,30.98701,17.933146,58.07756,40.64787,1.7055379,1.1070806,62.02163,10.626989,3.290933,61.52077,5.4649529,30.99488,74.45835,13.26563,8.603205,31.02848,3.229172,29.28027
G244,19.81609,4.776104,2.058894,5.065321,85.99536,30.77939,18.516286,83.5384,37.18761,1.303751,NA,55.6795,9.38461,2.938255,91.18801,2.1537292,23.79291,87.22484,14.83598,6.76327,30.14218,3.19394,31.19648
G245,21.55796,5.291313,1.676384,5.356864,80.50781,36.30915,17.223119,76.43376,43.89112,1.6027913,1.0864664,58.22309,10.546746,3.229547,NA,-1.9032942,30.80073,82.4653,14.01328,7.270357,31.89137,3.265705,31.18819
G246,NA,5.667289,1.70702,4.966959,72.24027,33.24545,7.0,65.69726,20.0,0.7,0.591291,64.83195,9.878043,3.127804,73.67892,0.1289419,25.50132,68.59438,15.15133,4.177539,29.23517,3.15814,32.05744
G247,22.79836,5.660775,1.800866,5.381734,88.53906,33.76939,14.306474,89.26509,41.08012,1.3676688,1.1463175,64.90099,10.640744,3.308928,92.80864,3.0962238,30.85488,87.09631,13.64006,5.633113,33.97034,3.215768,27.00993
G248,16.33594,5.029514,1.826078,4.615769,64.10102,29.13848,11.689551,58.70707,27.81903,0.7,0.7894224,52.19182,8.310762,2.970292,58.77736,0.5894341,23.36748,62.97244,14.77788,6.1982,22.0,2.797962,28.50854
G249,17.54452,5.001174,1.645687,4.991608,76.53911,28.34414,14.461922,63.97128,45.56406,1.0374746,0.893513,50.29457,9.553746,3.394875,76.19815,-0.1385126,24.23273,83.93595,14.60883,5.825525,NA,2.814167,29.72825
G250,20.99956,5.108886,1.958465,5.074587,73.28737,28.43236,15.997619,61.39541,35.69241,1.1768963,1.5138453,58.11039,10.754718,3.384595,69.78824,1.2383486,27.70906,85.03643,13.70837,7.57336,32.92539,3.177549,32.54686
G251,24.41098,6.518716,1.889951,5.598673,79.01654,32.4656,15.358408,66.82973,44.78123,1.9388513,1.1498052,67.75956,11.311787,2.91686,80.1467,3.8967028,30.98469,78.4268,12.55341,7.540895,38.42703,3.87807,30.4494
G252,21.70681,6.23868,1.853164,5.338367,60.0,29.30007,12.4469,56.49782,41.11516,1.8764795,1.3725397,64.47063,10.964248,3.469926,53.85417,6.5142119,NA,64.23128,13.58547,7.658059,33.70411,3.159793,27.5915
G253,18.6359,5.776798,1.820592,4.973398,70.78841,29.94237,13.180549,67.1176,31.24232,NA,0.9634987,56.06306,9.13303,2.92816,NA,1.7821677,27.05098,76.61825,13.98192,5.902958,29.4062,3.119034,31.37902
G254,17.29546,4.570519,1.791033,4.891896,73.11126,33.42659,22.7368,78.33153,55.1796,1.2467828,NA,48.43396,9.423171,3.154339,81.40727,4.8128986,24.05135,78.38643,12.61908,8.49838,24.23965,2.987367,32.6519
G255,22.1535,6.759852,1.882329,5.103389,67.83261,34.64022,17.994032,60.54242,40.5509,1.9347036,1.2330626,65.95697,11.897477,3.609413,67.1215,1.6285317,29.60201,77.59826,13.83285,6.569922,34.55024,3.296236,35.93619
G256,21.30923,5.410509,1.672565,5.154888,88.05233,29.78366,22.147216,77.28632,51.42703,1.5147113,NA,57.82116,10.248351,3.533435,89.93277,2.4527025,26.77718,95.78168,13.7275,8.561814,30.69685,2.900393,32.41345
G257,22.13053,6.773902,1.770822,5.449763,75.84759,25.0,11.036662,67.36893,21.69393,0.8424227,0.8783826,67.19976,10.249905,3.009532,81.92665,3.965619,29.14047,85.52136,14.5213,4.692245,32.75102,3.405814,29.39681
G258,20.12708,4.970959,1.829523,5.346439,80.8109,27.6726,18.002628,64.97516,41.65614,1.5950934,1.3045394,59.99579,9.818006,3.27617,62.31452,4.1234445,29.31667,77.61106,13.31097,6.204077,33.13897,2.996794,31.40044
G259,21.28202,5.895957,1.871555,5.141521,NA,26.79027,NA,63.10386,42.40437,1.5447922,1.1235609,59.07345,10.456184,3.346444,75.51311,6.9356098,26.9761,81.94598,14.33375,6.915628,29.91943,3.124565,30.71796
G260,25.0,7.284526,1.908428,5.858083,88.53384,36.23986,22.505124,83.89288,49.38231,2.2232416,1.568981,74.26878,11.834873,3.10296,89.74524,8.3982038,35.13434,108.50771,13.71571,7.644951,39.48416,3.814059,28.44672
G261,20.534,5.072836,1.578699,5.240013,81.45786,30.18695,21.95022,70.54834,57.2305,1.8187103,2.0648909,59.65564,10.504731,NA,81.41461,4.8192591,27.43278,94.43332,13.85025,10.016955,36.34934,2.748845,31.19391
G262,19.91711,5.692181,1.652538,5.178313,80.04575,27.86347,18.889574,71.26999,55.79588,1.92415,2.2115193,60.07371,10.049415,3.216392,81.25404,9.6739806,25.81658,85.85122,13.1434,10.036731,29.51916,NA,34.46988
G263,19.98476,5.828345,1.68919,5.177966,64.40545,37.05527,16.757843,55.51634,53.28918,1.3996547,1.3326998,55.92413,10.399771,3.160076,70.38098,1.9851764,29.00683,67.39404,12.93592,7.1718,31.05678,3.290988,35.71407
G264,19.41782,5.016241,1.870885,4.59795,90.66528,27.97184,20.000493,88.13343,40.93114,1.164581,1.4518874,62.66281,10.072092,3.334553,97.23544,1.9370342,25.06748,100.84001,13.77755,6.512865,26.97921,3.020523,24.79031
G265,24.99648,7.215207,1.863115,5.312273,77.74798,32.15979,18.472903,72.57116,39.78221,2.0192516,1.5739026,67.25812,11.551844,3.385307,85.10169,7.330423,29.6205,93.8482,13.2305,7.173154,35.38263,3.412347,31.32778
G266,19.47417,6.041853,1.910947,5.007975,83.58216,30.05267,12.581125,60.38408,21.52923,1.0615908,0.6396118,62.23177,8.994768,2.616856,72.3887,0.0284441,28.50484,79.37941,14.76315,NA,25.41604,3.437242,31.15893
G267,22.4107,6.0365,1.795789,5.436147,70.73274,28.27718,NA,69.52429,23.73877,1.1704829,0.5,59.5395,11.340755,3.365578,65.21946,-2.0,28.45442,71.95553,14.24958,4.708442,36.02868,3.36963,31.52543
G268,20.79818,4.703448,1.536859,5.09826,81.34512,29.21182,15.925111,76.02622,46.65583,1.0983085,1.1409689,62.64355,11.535619,3.533162,73.45643,0.268939,29.75719,85.01602,13.64999,5.227363,31.40048,3.264956,32.14066
G269,NA,6.234192,1.939753,5.379151,67.71241,34.87013,19.529607,64.25076,67.63332,2.0284921,1.7506866,68.92859,9.462867,2.423533,NA,6.1632632,30.14357,74.14596,12.70723,9.427271,36.61291,3.904575,28.47721
G270,21.05019,5.684377,1.564853,5.286519,84.02497,31.56889,NA,65.52288,42.39573,1.2956604,NA,66.54845,10.89851,3.408974,69.55289,4.6406117,28.81209,73.87322,14.20241,5.881985,33.89271,3.197006,31.38906
G271,19.61711,4.068172,1.944518,4.742142,87.54107,33.75362,22.664287,71.81201,47.6882,1.6268898,2.1125396,48.69791,8.799189,2.79709,78.76748,NA,27.59201,84.87431,13.67603,9.71823,26.09437,3.145837,30.91444
G272,18.99143,4.906056,1.679746,4.945521,67.78866,31.55572,7.0,54.49124,20.0,0.7,0.5,50.69193,9.832383,3.649494,55.91779,-2.0,26.44468,60.0,15.60368,4.0,22.0,2.694177,37.55032
G273,23.40572,6.872209,1.781854,5.505124,80.27039,30.60188,10.058732,65.51291,20.0,1.0410258,0.6723215,65.99769,11.773542,3.41481,62.79476,3.634031,31.20183,77.62929,14.91942,4.054011,37.78805,3.447788,29.27955
G274,20.40726,5.690351,1.723282,5.267771,79.24403,30.80266,21.336771,64.90561,33.29087,1.138713,0.8583729,58.03268,10.456101,3.440722,73.64922,0.7737607,25.87605,79.25351,15.10684,6.951482,24.78362,3.038927,32.12031
G275,19.36638,3.956796,1.762244,4.794283,79.4314,34.67379,20.643043,70.89464,NA,1.6015544,1.6420725,50.00049,9.716003,3.287548,85.01019,5.0554695,25.12694,76.58467,NA,9.974341,26.8494,2.955395,27.36988
